question_id,question,option_a,option_b,option_c,option_d,correct_answer,explanation,domain,topic,difficulty,source
CPMAI-001,"Which phase of an AI project is typically the most time-consuming?","Model deployment","Data preparation","Business case writing","Stakeholder sign-off","B","Industry surveys consistently find that data preparation - collecting, cleaning, labelling and transforming data - consumes the majority of effort on AI projects, often cited at 60-80% of total project time.","Data for AI","Project Effort","MEDIUM","Starter set"
CPMAI-002,"What is the primary purpose of defining a business question before starting an AI project?","To satisfy audit requirements","To ensure the project delivers measurable business value","To decide which cloud vendor to use","To determine the team size","B","Starting from a clearly framed business question keeps the project anchored to a measurable outcome. Without it, teams risk building technically impressive models that solve no real problem.","AI Strategy & Planning","Business Understanding","EASY","Starter set"
CPMAI-003,"A model performs well in testing but poorly in production. What is the most likely cause?","The model was trained too long","Training data does not represent real-world production data","Too many people are using the system","The code was written in the wrong language","B","This is distribution shift. When training data does not reflect the conditions the model actually meets in production, accuracy drops even though test metrics looked strong.","Model Evaluation","Generalisation","MEDIUM","Starter set"
CPMAI-004,"Which metric is most misleading when evaluating a model on a highly imbalanced dataset?","Precision","Recall","Accuracy","F1 score","C","With 99% of samples in one class, a model that always predicts the majority class scores 99% accuracy while being useless. Precision, recall and F1 reveal this failure; accuracy hides it.","Model Evaluation","Metrics","MEDIUM","Starter set"
CPMAI-005,"What does data drift refer to?","Data being moved between storage systems","A gradual change in the statistical properties of input data over time","Data being corrupted during transfer","Losing data due to hardware failure","B","Data drift is when the distribution of production inputs changes over time, so a model trained on older data steadily degrades. Detecting it requires ongoing monitoring after deployment.","Monitoring & Maintenance","Data Drift","MEDIUM","Starter set"
CPMAI-006,"Why should AI projects be run iteratively rather than in a single linear pass?","Iteration reduces total cost","AI outcomes are uncertain until data and models are tested, so learning must feed back into earlier phases","Regulations require iteration","Iteration eliminates the need for documentation","B","Unlike traditional software, you cannot know upfront whether the data supports the desired outcome. Iteration lets findings from data and modelling revise the business understanding.","AI Project Management","Methodology","MEDIUM","Starter set"
CPMAI-007,"What is the main risk of using historical hiring data to train a recruitment model?","The data will be too large to process","The model may learn and reproduce past discriminatory patterns","Historical data is always outdated","Models cannot process text data","B","If past hiring decisions reflected bias, a model trained on them will encode that bias and apply it at scale. This is a central concern in responsible AI.","Responsible AI & Ethics","Bias","MEDIUM","Starter set"
CPMAI-008,"What does model explainability primarily support?","Faster training times","Understanding why a model produced a given output","Reducing storage costs","Increasing model accuracy","B","Explainability lets stakeholders understand the reasoning behind predictions. It is essential for trust, debugging, and regulatory compliance in high-stakes domains.","Responsible AI & Ethics","Explainability","EASY","Starter set"
CPMAI-009,"Which is the strongest indicator that a problem does NOT need machine learning?","The data is stored in a relational database","The rules governing the outcome are known, stable and can be written explicitly","The organisation has fewer than 100 employees","The problem involves numeric data","B","If outcomes follow known, stable rules, conventional logic is cheaper, faster and more reliable. ML earns its place where patterns are too complex to specify by hand.","AI Strategy & Planning","Problem Framing","MEDIUM","Starter set"
CPMAI-010,"What is the purpose of a holdout test set?","To increase the size of training data","To provide an unbiased estimate of performance on unseen data","To speed up model training","To store backup copies of the data","B","The holdout set is never used during training or tuning, so performance measured on it approximates how the model will behave on genuinely new data.","Model Evaluation","Validation","EASY","Starter set"
CPMAI-011,"In AI governance, what is the primary role of a model inventory?","To track hardware costs","To maintain a record of deployed models, their purpose, owners and risk level","To store training datasets","To schedule team meetings","B","A model inventory gives the organisation visibility of what is running where, who owns it, and what risk it carries - the foundation of any governance programme.","AI Governance","Model Inventory","MEDIUM","Starter set"
CPMAI-012,"What distinguishes supervised from unsupervised learning?","Supervised learning is always more accurate","Supervised learning uses labelled examples; unsupervised learning finds structure in unlabelled data","Supervised learning requires less data","Unsupervised learning cannot use numeric data","B","Supervised learning trains on input-output pairs to predict a known target. Unsupervised learning has no target and instead discovers structure such as clusters.","Machine Learning Fundamentals","Learning Types","EASY","Starter set"
CPMAI-013,"What is overfitting?","A model that trains too slowly","A model that memorises training data including noise and fails to generalise","A model that uses too much memory","A model with too few parameters","B","An overfitted model captures noise specific to the training set. It scores very well on training data and poorly on new data.","Machine Learning Fundamentals","Overfitting","EASY","Starter set"
CPMAI-014,"Which risk should be assessed BEFORE data collection begins on an AI project?","Server capacity","Whether the intended data use complies with privacy law and consent terms","The choice of programming language","The colour scheme of the dashboard","B","Privacy, consent and lawful basis must be settled before data is gathered. Discovering a compliance problem after collection can invalidate the whole dataset.","Risk Management","Privacy Risk","MEDIUM","Starter set"
CPMAI-015,"What is the most appropriate response when a model's accuracy is high but stakeholders do not trust its outputs?","Retrain with more data","Investigate explainability and involve stakeholders in validating results","Deploy anyway since accuracy is high","Reduce the number of features","B","Trust is not a function of accuracy alone. Explaining behaviour and involving stakeholders in validation addresses the actual barrier to adoption.","AI Project Management","Stakeholder Management","MEDIUM","Starter set"
CPMAI-016,"What does model operationalisation mean?","Writing the project charter","Integrating a trained model into business processes and systems so it delivers ongoing value","Collecting training data","Selecting an algorithm","B","Operationalisation covers deployment, integration, monitoring and maintenance - turning a model from an experiment into a working part of the business.","AI Deployment","Operationalisation","MEDIUM","Starter set"
CPMAI-017,"Why is a baseline model established early in an AI project?","To satisfy documentation requirements","To provide a simple reference point that more complex models must beat to justify their cost","To reduce data storage needs","To select the project manager","B","A simple baseline shows what performance is achievable cheaply. If a complex model cannot beat it meaningfully, the added cost and complexity are not justified.","Machine Learning Fundamentals","Baselines","MEDIUM","Starter set"
CPMAI-018,"Which is a leading indicator that an AI project should be stopped?","The team is behind schedule by one week","Data assessment shows the available data cannot answer the business question","The model takes two hours to train","The stakeholders requested a status report","B","If the data fundamentally cannot support the question, no amount of modelling effort will succeed. Recognising this early avoids large sunk costs.","AI Project Management","Go/No-Go Decisions","HARD","Starter set"
CPMAI-019,"What is the purpose of human-in-the-loop design in AI systems?","To reduce infrastructure costs","To keep human judgement involved in consequential decisions rather than fully automating them","To speed up model inference","To eliminate the need for testing","B","Human-in-the-loop keeps a person accountable for high-stakes outcomes, providing oversight where errors would cause significant harm.","Responsible AI & Ethics","Human Oversight","MEDIUM","Starter set"
CPMAI-020,"After deployment, what should trigger model retraining?","A fixed annual schedule only","Monitoring that shows performance degradation or significant data drift","A change in the development team","An increase in user numbers","B","Retraining should be driven by evidence of degradation rather than the calendar alone. Monitoring performance and drift indicates when the model no longer fits current conditions.","Monitoring & Maintenance","Retraining","MEDIUM","Starter set"
